{"Blow Memorial Hall":{"times":{"8":173,"9":240,"10":130,"11":240,"12":120,"13":25,"14":315,"15":205,"16":0,"17":14,"18":0,"19":35,"20":0},"location":[-76.71129087051467,37.272253875153034]},"Millington Hall":{"times":{"8":533,"9":633,"10":256,"11":917,"12":802,"13":377,"14":984,"15":532,"16":49,"17":420,"18":0,"19":15,"20":0},"location":[-76.7150154746388,37.26965294217474]},"Morton Hall":{"times":{"8":451,"9":722,"10":418,"11":839,"12":820,"13":271,"14":1218,"15":860,"16":15,"17":115,"18":105,"19":5,"20":5},"location":[-76.71676206180645,37.267413339603905]},"Tucker Hall":{"times":{"8":0,"9":265,"10":197,"11":420,"12":401,"13":197,"14":498,"15":301,"16":20,"17":184,"18":45,"19":0,"20":0},"location":[-76.70996685739371,37.271467108500616]},"Wren Building":{"times":{"8":0,"9":105,"10":35,"11":203,"12":116,"13":70,"14":220,"15":192,"16":0,"17":35,"18":0,"19":0,"20":0},"location":[-76.7090130755151,37.27080564627131]},"James Blair Hall":{"times":{"8":124,"9":291,"10":197,"11":412,"12":326,"13":209,"14":496,"15":389,"16":17,"17":64,"18":0,"19":15,"20":0},"location":[-76.7117843810823,37.2714567644241]},"Ewell Hall":{"times":{"8":0,"9":78,"10":121,"11":340,"12":267,"13":40,"14":293,"15":455,"16":300,"17":126,"18":88,"19":122,"20":0},"location":[-76.71005211713059,37.270169464145894]},"Washington Hall":{"times":{"8":188,"9":446,"10":266,"11":551,"12":334,"13":240,"14":648,"15":487,"16":25,"17":128,"18":93,"19":20,"20":0},"location":[-76.71078255899423,37.27014224533237]},"Jones Hall":{"times":{"8":256,"9":187,"10":122,"11":207,"12":231,"13":86,"14":306,"15":226,"16":0,"17":0,"18":51,"19":0,"20":0},"location":[-76.71686965748374,37.26807539695876]},"College Apartments":{"times":{"8":0,"9":0,"10":31,"11":62,"12":30,"13":37,"14":70,"15":18,"16":0,"17":0,"18":15,"19":0,"20":0},"location":[-76.70782341001863,37.27209938926853]},"Phi Beta Kappa Hall":{"times":{"8":0,"9":113,"10":32,"11":133,"12":71,"13":46,"14":106,"15":90,"16":0,"17":0,"18":0,"19":0,"20":0},"location":[-76.71515144574501,37.26818284316549]},"Small Physics Lab":{"times":{"8":423,"9":443,"10":271,"11":459,"12":397,"13":367,"14":709,"15":412,"16":198,"17":0,"18":44,"19":186,"20":88,"21":null},"location":[-76.71678703142909,37.268810343390996]},"Andrews Hall":{"times":{"8":0,"9":354,"10":120,"11":209,"12":157,"13":124,"14":273,"15":43,"16":0,"17":22,"18":16,"19":0,"20":0},"location":[-76.71550465763029,37.26856178069193]},"Colonial Williamsburg":{"times":{"8":0,"9":15,"10":0,"11":0,"12":0,"13":0,"14":0,"15":0,"16":0,"17":0,"18":0,"19":0,"20":0},"location":[-76.70666713523947,37.27057948979542]},"Matoka Art Studio":{"times":{"8":0,"9":48,"10":0,"11":0,"12":0,"13":0,"14":15,"15":0,"16":0,"17":30,"18":0,"19":0,"20":0},"location":[-76.72127791691445,37.26708648719514]},"Ceramics Studio":{"times":{"8":0,"9":15,"10":0,"11":0,"12":0,"13":0,"14":10,"15":0,"16":0,"17":0,"18":0,"19":0,"20":0}},"Integrated Science Center":{"times":{"7":null,"8":304,"9":301,"10":150,"11":237,"12":108,"13":428,"14":620,"15":296,"16":0,"17":31,"18":88,"19":190,"20":0},"location":[-76.71458235710728,37.269659919543656]},"McGlothlin-Street":{"times":{"8":195,"9":164,"10":133,"11":159,"12":198,"13":260,"14":277,"15":155,"16":0,"17":42,"18":5,"19":3,"20":0},"location":[-76.71182028394878,37.27014737172231]},"Keck":{"times":{"8":0,"9":0,"10":0,"11":16,"12":0,"13":46,"14":14,"15":10,"16":0,"17":0,"18":0,"19":0,"20":0},"location":[-76.72227219662219,37.270481439223595]},"Miller Hall":{"times":{"8":1323,"9":720,"10":40,"11":633,"12":707,"13":43,"14":709,"15":261,"16":0,"17":24,"18":60,"19":125,"20":0},"location":[-76.71847813942517,37.26626028228281]},"Peninsula Center":{"times":{"8":0,"9":0,"10":0,"11":0,"12":0,"13":0,"14":0,"15":0,"16":0,"17":0,"18":0,"19":652,"20":0}},"Marshall-Wythe School of Law":{"times":{"8":414,"9":127,"10":594,"11":678,"12":0,"13":0,"14":637,"15":455,"16":111,"17":322,"18":408,"19":57,"20":0},"location":[-76.70493819276716,37.26504908029728]},"School of Education":{"times":{"8":36,"9":577,"10":0,"11":100,"12":15,"13":264,"14":160,"15":0,"16":762,"17":0,"18":20,"19":179,"20":0},"location":[-76.72340663376445,37.278223410603566]},"Adair Hall":{"times":{"8":50,"9":120,"10":108,"11":176,"12":127,"13":261,"14":167,"15":56,"16":60,"17":60,"18":27,"19":0,"20":15},"location":[-76.71824535322767,37.26863726516674]},"Swem Library":{"times":{"8":0,"9":14,"10":0,"11":14,"12":15,"13":0,"14":43,"15":14,"16":0,"17":14,"18":0,"19":0,"20":0},"location":[-76.71605011843778,37.26978249633984]},"DC Office":{"times":{"8":0,"9":76,"10":0,"11":0,"12":0,"13":20,"14":0,"15":0,"16":0,"17":0,"18":20,"19":0,"20":0}},"Muscarelle Museum":{"times":{"8":0,"9":0,"10":0,"11":0,"12":0,"13":0,"14":8,"15":0,"16":0,"17":0,"18":0,"19":0,"20":0},"location":[-76.71596438964926,37.267989885328156]},"Waterman's Hall":{"times":{"8":15,"9":40,"10":27,"11":0,"12":35,"13":57,"14":22,"15":0,"16":17,"17":0,"18":0,"19":0,"20":0}},"Andrews Hall at VIMS":{"times":{"8":0,"9":7,"10":64,"11":15,"12":115,"13":14,"14":25,"15":0,"16":0,"17":0,"18":0,"19":0,"20":0}},"Chesapeake Bay Hall":{"times":{"8":0,"9":10,"10":0,"11":0,"12":0,"13":10,"14":0,"15":10,"16":0,"17":0,"18":0,"19":0,"20":0}}}
